Palm_Position_X,Palm_Position_Y,Palm_Position_Z,Palm_Velocity_X,Palm_Velocity_Y,Palm_Velocity_Z,thumb,index,middle,ring,pinky
0.0,0.0,0.0,0.0,0.0,0.0,0,0,0,0,0
0.0,0.0,0.0,0.0,0.0,0.0,0,0,0,0,0
0.0,0.0,0.0,0.0,0.0,0.0,0,0,0,0,0
0.0,0.0,0.0,0.0,0.0,0.0,0,0,0,0,0
0.0,0.0,0.0,0.0,0.0,0.0,0,0,0,0,0
0.0,0.0,0.0,0.0,0.0,0.0,0,0,0,0,0
0.0,0.0,0.0,0.0,0.0,0.0,0,0,0,0,0
0.0,0.0,0.0,0.0,0.0,0.0,0,0,0,0,0
0.0,0.0,0.0,0.0,0.0,0.0,0,0,0,0,0
0.0,0.0,0.0,0.0,0.0,0.0,0,0,0,0,0
0.0,0.0,0.0,0.0,0.0,0.0,0,0,0,0,0
0.0,0.0,0.0,0.0,0.0,0.0,0,0,0,0,0
0.0,0.0,0.0,0.0,0.0,0.0,0,0,0,0,0
0.0,0.0,0.0,0.0,0.0,0.0,0,0,0,0,0
0.0,0.0,0.0,0.0,0.0,0.0,0,0,0,0,0
0.0,0.0,0.0,0.0,0.0,0.0,0,0,0,0,0
0.0,0.0,0.0,0.0,0.0,0.0,0,0,0,0,0
0.0,0.0,0.0,0.0,0.0,0.0,0,0,0,0,0
0.0,0.0,0.0,0.0,0.0,0.0,0,0,0,0,0
0.0,0.0,0.0,0.0,0.0,0.0,0,0,0,0,0
0.0,0.0,0.0,0.0,0.0,0.0,0,0,0,0,0
0.0,0.0,0.0,0.0,0.0,0.0,0,0,0,0,0
0.0,0.0,0.0,0.0,0.0,0.0,0,0,0,0,0
0.0,0.0,0.0,0.0,0.0,0.0,0,0,0,0,0
0.0,0.0,0.0,0.0,0.0,0.0,0,0,0,0,0
0.0,0.0,0.0,0.0,0.0,0.0,0,0,0,0,0
0.0,0.0,0.0,0.0,0.0,0.0,0,0,0,0,0
0.0,0.0,0.0,0.0,0.0,0.0,0,0,0,0,0
0.0,0.0,0.0,0.0,0.0,0.0,0,0,0,0,0
0.0,0.0,0.0,0.0,0.0,0.0,0,0,0,0,0
0.0,0.0,0.0,0.0,0.0,0.0,0,0,0,0,0
0.0,0.0,0.0,0.0,0.0,0.0,0,0,0,0,0
0.0,0.0,0.0,0.0,0.0,0.0,0,0,0,0,0
0.0,0.0,0.0,0.0,0.0,0.0,0,0,0,0,0
0.0,0.0,0.0,0.0,0.0,0.0,0,0,0,0,0
0.0,0.0,0.0,0.0,0.0,0.0,0,0,0,0,0
0.0,0.0,0.0,0.0,0.0,0.0,0,0,0,0,0
0.0,0.0,0.0,0.0,0.0,0.0,0,0,0,0,0
0.0,0.0,0.0,0.0,0.0,0.0,0,0,0,0,0
0.0,0.0,0.0,0.0,0.0,0.0,0,0,0,0,0
0.0,0.0,0.0,0.0,0.0,0.0,0,0,0,0,0
0.0,0.0,0.0,0.0,0.0,0.0,0,0,0,0,0
0.0,0.0,0.0,0.0,0.0,0.0,0,0,0,0,0
0.0,0.0,0.0,0.0,0.0,0.0,0,0,0,0,0
0.0,0.0,0.0,0.0,0.0,0.0,0,0,0,0,0
0.0,0.0,0.0,0.0,0.0,0.0,0,0,0,0,0
0.0,0.0,0.0,0.0,0.0,0.0,0,0,0,0,0
0.0,0.0,0.0,0.0,0.0,0.0,0,0,0,0,0
0.0,0.0,0.0,0.0,0.0,0.0,0,0,0,0,0
0.0,0.0,0.0,0.0,0.0,0.0,0,0,0,0,0
0.0,0.0,0.0,0.0,0.0,0.0,0,0,0,0,0
0.0,0.0,0.0,0.0,0.0,0.0,0,0,0,0,0
0.0,0.0,0.0,0.0,0.0,0.0,0,0,0,0,0
0.0,0.0,0.0,0.0,0.0,0.0,0,0,0,0,0
0.0,0.0,0.0,0.0,0.0,0.0,0,0,0,0,0
0.0,0.0,0.0,0.0,0.0,0.0,0,0,0,0,0
0.0,0.0,0.0,0.0,0.0,0.0,0,0,0,0,0
0.0,0.0,0.0,0.0,0.0,0.0,0,0,0,0,0
0.0,0.0,0.0,0.0,0.0,0.0,0,0,0,0,0
0.0,0.0,0.0,0.0,0.0,0.0,0,0,0,0,0
0.0,0.0,0.0,0.0,0.0,0.0,0,0,0,0,0
0.0,0.0,0.0,0.0,0.0,0.0,0,0,0,0,0
0.0,0.0,0.0,0.0,0.0,0.0,0,0,0,0,0
0.0,0.0,0.0,0.0,0.0,0.0,0,0,0,0,0
0.0,0.0,0.0,0.0,0.0,0.0,0,0,0,0,0
0.0,0.0,0.0,0.0,0.0,0.0,0,0,0,0,0
0.0,0.0,0.0,0.0,0.0,0.0,0,0,0,0,0
0.0,0.0,0.0,0.0,0.0,0.0,0,0,0,0,0
0.0,0.0,0.0,0.0,0.0,0.0,0,0,0,0,0
0.0,0.0,0.0,0.0,0.0,0.0,0,0,0,0,0
0.0,0.0,0.0,0.0,0.0,0.0,0,0,0,0,0
0.0,0.0,0.0,0.0,0.0,0.0,0,0,0,0,0
0.0,0.0,0.0,0.0,0.0,0.0,0,0,0,0,0
0.0,0.0,0.0,0.0,0.0,0.0,0,0,0,0,0
0.0,0.0,0.0,0.0,0.0,0.0,0,0,0,0,0
0.0,0.0,0.0,0.0,0.0,0.0,0,0,0,0,0
0.0,0.0,0.0,0.0,0.0,0.0,0,0,0,0,0
0.0,0.0,0.0,0.0,0.0,0.0,0,0,0,0,0
0.0,0.0,0.0,0.0,0.0,0.0,0,0,0,0,0
0.0,0.0,0.0,0.0,0.0,0.0,0,0,0,0,0
0.0,0.0,0.0,0.0,0.0,0.0,0,0,0,0,0
0.0,0.0,0.0,0.0,0.0,0.0,0,0,0,0,0
0.0,0.0,0.0,0.0,0.0,0.0,0,0,0,0,0
0.0,0.0,0.0,0.0,0.0,0.0,0,0,0,0,0
0.0,0.0,0.0,0.0,0.0,0.0,0,0,0,0,0
0.0,0.0,0.0,0.0,0.0,0.0,0,0,0,0,0
0.0,0.0,0.0,0.0,0.0,0.0,0,0,0,0,0
0.0,0.0,0.0,0.0,0.0,0.0,0,0,0,0,0
0.0,0.0,0.0,0.0,0.0,0.0,0,0,0,0,0
0.0,0.0,0.0,0.0,0.0,0.0,0,0,0,0,0
0.0,0.0,0.0,0.0,0.0,0.0,0,0,0,0,0
0.0,0.0,0.0,0.0,0.0,0.0,0,0,0,0,0
0.0,0.0,0.0,0.0,0.0,0.0,0,0,0,0,0
0.0,0.0,0.0,0.0,0.0,0.0,0,0,0,0,0
63.03676,184.64818,134.93672,1.1920929E-7,1.1920929E-7,1.1920929E-7,0,0,0,0,0
61.974617,185.87929,135.06125,-117.74093,136.47108,13.804944,0,0,0,0,0
60.365463,188.04636,134.7763,-133.14139,163.47812,1.2469537,0,0,0,0,0
58.672184,190.01036,134.57973,-149.51468,180.05348,-5.1133275,0,0,0,0,0
56.883446,193.20792,134.15948,-162.72241,227.75922,-16.507872,0,0,0,0,0
54.65309,196.96654,132.32439,-184.04306,276.90515,-67.43803,0,0,0,0,0
52.560394,199.31973,130.90326,-198.67928,274.56613,-92.839905,0,0,0,0,0
50.599926,202.04852,129.42049,-202.78502,280.8338,-111.99255,0,0,0,0,0
49.4458,204.28685,127.42122,-183.17606,273.25174,-142.81601,0,0,0,0,0
47.38483,206.09572,126.52219,-194.35944,251.4801,-130.02771,0,0,0,0,0
45.139404,208.30446,123.71213,-208.9358,249.12038,-179.61972,0,0,0,0,0
40.01779,210.05595,108.01336,-309.43552,235.62785,-611.8088,0,0,0,0,0
36.755688,213.46536,98.93429,-321.44806,272.88245,-715.4214,0,0,0,0,0
34.601192,215.667,94.55347,-300.59903,266.58734,-656.3423,0,0,0,0,0
32.856686,216.93924,92.681465,-271.4568,232.35266,-533.5945,0,0,0,0,0
30.826893,218.379,90.5393,-258.4598,212.15495,-451.71957,0,0,0,0,0
28.83117,219.2478,87.264786,-247.51674,179.7437,-426.093,0,0,0,0,0
26.576677,220.6973,83.57176,-246.98552,173.64873,-419.45935,0,0,0,0,0
25.05251,221.45956,80.98666,-226.52434,149.80682,-384.60562,0,0,0,0,0
23.468815,221.8399,79.71529,-212.36174,120.105415,-317.34296,0,0,0,0,0
21.220526,222.06262,77.79351,-223.13724,94.16037,-289.51974,0,0,0,0,0
15.115911,221.62296,82.33906,-346.27426,54.43594,-70.28061,0,0,0,0,0
11.459232,220.41591,85.16142,-364.3207,2.7767475,35.07209,0,0,0,0,0
8.726454,219.51797,86.394356,-345.80145,-25.313911,62.79301,1,0,0,0,0
6.799166,218.8383,86.260925,-310.5663,-39.191788,41.62391,1,0,0,0,0
4.857378,218.08777,85.031494,-284.14438,-51.268425,-7.3333025,1,0,0,0,1
3.369704,217.48227,84.08996,-250.02203,-55.36396,-33.921227,1,0,0,1,1
2.3325539,216.04997,84.590515,-213.74966,-84.0881,-9.400833,1,0,0,1,1
0.53273195,215.40799,83.83129,-209.75584,-80.50311,-29.961853,1,1,0,1,1
-0.97319114,214.86064,83.61896,-197.67136,-74.931854,-28.151194,1,1,1,1,1
-2.4774334,214.23787,83.606606,-188.41217,-73.02162,-20.688969,1,1,1,1,1
-3.8116293,213.65001,83.69704,-177.9901,-71.14554,-12.302503,1,1,1,1,1
-5.00755,213.13736,83.97964,-164.563,-66.831276,-0.26812777,1,1,1,1,1
-6.1073923,212.66899,84.14944,-153.30414,-62.921864,4.991973,1,1,1,1,1
-7.264264,212.05972,84.095665,-145.41873,-63.770702,1.9567367,1,1,1,1,1
-8.254626,211.52368,83.91502,-136.6006,-63.018414,-4.1006103,1,1,1,1,1
-9.142231,211.1131,83.7028,-126.01301,-58.167625,-9.44092,1,1,1,1,1
-9.956245,210.69524,83.450905,-116.0668,-54.86023,-14.515488,1,1,1,1,1
-10.773279,210.27019,83.14705,-108.98364,-52.697468,-19.77838,1,1,1,1,1
-11.596644,209.7721,82.75025,-103.71931,-53.19445,-26.351961,1,1,1,1,1
-12.290858,209.38101,82.40453,-96.60539,-50.616222,-29.716188,1,1,1,1,1
-12.895041,209.07913,82.04102,-88.44494,-45.89297,-32.624104,1,1,1,1,1
-13.51,208.78612,81.71755,-82.801674,-42.169563,-33.48852,1,1,1,1,1
-14.081925,208.43333,81.42414,-71.444954,-38.182396,-30.709259,1,1,1,1,1
-14.482516,208.18889,81.21383,-69.47435,-38.095943,-31.076454,1,1,1,1,1
-15.078333,207.83473,80.91045,-64.60847,-36.23799,-29.988333,1,1,1,1,1
-15.484722,207.54924,80.702034,-62.86524,-37.072613,-29.802334,1,1,1,1,1
-16.015476,207.17383,80.39556,-61.544285,-38.193764,-30.846188,1,1,1,1,1
-16.39813,206.96239,80.05957,-56.412907,-34.214188,-32.677624,1,1,1,1,1
-16.757507,206.80537,79.79393,-51.82148,-29.571238,-31.770172,1,1,1,1,1
-17.084738,206.6389,79.56593,-47.503323,-26.489882,-29.957518,1,1,1,1,1
-17.4568,206.4227,79.285355,-45.81249,-25.813059,-30.292994,1,1,1,1,1
-17.817928,206.20612,79.04504,-44.15501,-25.278315,-29.243317,1,1,1,1,1
-18.129066,206.03844,78.849045,-41.531254,-23.457787,-27.198498,1,1,1,1,1
-18.408781,205.85068,78.67308,-38.632076,-22.728346,-25.079582,1,1,1,1,1
-18.668966,205.67284,78.50975,-35.919422,-21.887402,-23.148565,1,1,1,1,1
-18.918116,205.51129,78.35768,-33.53859,-20.732853,-21.355385,1,1,1,1,1
-19.162148,205.31474,78.21779,-31.777718,-21.038467,-19.761518,1,1,1,1,1
-19.392859,205.12238,78.081535,-29.927608,-21.018986,-18.391312,1,1,1,1,1
-19.609459,204.94736,77.95748,-28.36091,-20.617468,-17.152075,1,1,1,1,1
-19.81811,204.77428,77.84827,-26.932537,-20.231665,-15.770536,1,1,1,1,1
-20.00281,204.62143,77.727776,-25.137514,-19.313574,-15.095617,1,1,1,1,1
-20.184166,204.47363,77.59156,-23.730326,-18.490246,-15.083014,1,1,1,1,1
-20.363838,204.32838,77.414696,-22.69605,-17.844421,-16.337564,1,1,1,1,1
-20.519838,204.20294,77.243416,-21.214233,-16.764448,-17.069963,1,1,1,1,1
-20.668755,204.0834,77.070915,-19.891228,-15.775396,-17.610674,1,1,1,1,1
-20.811497,203.9785,76.897415,-18.773243,-14.635736,-18.058054,1,1,1,1,1
-20.950262,203.88023,76.71656,-17.713892,-13.508548,-18.478436,1,1,1,1,1
-21.08933,203.79987,76.53449,-17.159744,-12.300661,-19.031618,1,1,1,1,1
-21.242804,203.72249,76.33851,-16.930761,-11.147356,-19.558609,1,1,1,1,1
-21.372147,203.6426,76.15725,-16.410305,-10.642716,-19.934732,1,1,1,1,1
-21.505692,203.54955,75.86258,-15.927432,-10.525741,-23.381804,1,1,1,1,1
-21.828247,202.97935,74.369774,-13.449809,-17.057804,-43.067356,1,1,1,1,1
-21.903337,202.88358,73.96932,-11.933805,-15.151376,-43.070415,1,1,1,1,1
-22.019335,202.78175,73.50091,-12.177571,-14.075494,-45.467243,1,1,1,1,1
-22.109959,202.6886,73.06342,-11.671254,-13.135358,-46.61129,1,1,1,1,1
-22.207367,202.5759,72.712456,-11.319681,-12.833182,-44.052982,1,1,1,1,1
-22.263716,202.55794,72.40404,-9.976489,-9.905874,-41.55122,1,1,1,1,1
-22.320385,202.57422,72.09692,-8.873771,-6.609367,-39.115772,1,1,1,1,1
-22.37349,202.5839,71.86216,-8.1600685,-4.5659404,-35.99033,1,1,1,1,1
-22.408976,202.57951,71.667656,-6.984435,-3.436542,-31.962994,1,1,1,1,1
-22.45233,202.59831,71.51695,-6.351502,-1.9047645,-27.615728,1,1,1,1,1
-22.501549,202.665,71.38836,-6.136491,0.65040165,-24.068836,1,1,1,1,1
-22.548885,202.81575,71.27874,-5.8774657,5.061982,-20.736588,1,1,1,1,1
-22.604805,203.04784,71.18337,-5.972917,10.757564,-17.962927,1,1,1,1,1
-22.704494,203.44785,71.072426,-7.3199625,19.879845,-16.277693,1,1,1,1,1
-22.820185,204.0433,70.89975,-8.839909,32.588963,-17.076923,1,1,1,1,1
-22.898119,204.84428,70.65447,-8.807277,48.156563,-19.906778,1,1,1,1,1
-22.967733,205.61092,70.37154,-8.526847,58.40998,-23.108044,1,1,1,1,1
-22.99911,206.33784,70.02226,-7.0307603,63.657402,-27.050781,1,1,1,1,1
-22.992907,206.994,69.71828,-4.9806147,66.970245,-29.231203,1,1,1,1,1
-22.975735,207.71588,69.40187,-3.0654738,70.19005,-30.676586,1,1,1,1,1
-22.942804,208.10594,69.196594,-1.2233518,62.95656,-28.578274,1,1,1,1,1
-22.822348,208.28358,69.13042,2.787899,51.110435,-22.759468,1,1,1,1,1
-22.680115,208.45447,69.08116,6.3228893,41.912064,-17.848557,1,1,1,1,1
-22.589306,208.68547,68.92259,7.3911467,37.645966,-17.873178,1,1,1,1,1
-22.480673,209.05457,68.79571,8.6076145,38.247673,-16.690693,1,1,1,1,1
-22.376904,209.37823,68.67477,9.385448,37.517628,-15.753608,1,1,1,1,1
-22.233246,209.7598,68.538704,11.16976,38.777554,-15.546574,1,1,1,1,1
-22.142124,210.2761,68.3157,10.984072,44.26456,-18.237421,1,1,1,1,1
-21.991404,210.8436,68.036705,12.390128,48.7244,-21.441774,1,1,1,1,1
-21.854664,211.3002,67.745094,13.322042,49.8964,-24.743334,1,1,1,1,1
-21.819914,212.08981,66.84263,10.583115,59.624996,-45.052273,1,1,1,1,1
-21.920298,212.94383,65.37088,4.6925907,70.004105,-78.25836,1,1,1,1,0
-21.847408,213.6215,64.295364,5.620082,71.35168,-89.45679,1,1,0,0,0
-21.758606,214.14684,63.612873,6.717996,67.032135,-84.76451,1,1,0,0,0
-21.745409,214.56882,63.185726,5.2784963,61.52793,-74.5554,1,0,0,0,0
-21.696966,215.0305,63.089092,5.338325,59.073322,-57.41521,1,0,0,0,0
-21.669746,215.36856,63.017105,4.7052493,53.192467,-43.869106,1,0,0,0,0
-21.648096,215.53815,62.771595,4.0426993,43.41773,-39.018513,1,0,0,0,0
-21.79711,215.7304,62.133064,-1.6241969,36.893764,-47.273624,1,0,0,0,0
-22.099918,216.2069,60.90559,-10.426572,41.36141,-71.83511,1,0,0,0,0
-22.274775,216.54404,60.001713,-12.991537,40.61249,-80.28927,1,0,0,0,0
-22.428675,216.84236,59.333145,-14.086858,38.46773,-78.44955,1,0,0,0,0
-22.627516,216.93793,58.787067,-16.33401,30.929527,-73.80987,1,0,0,0,0
-22.698828,216.98439,58.51,-14.015468,23.837744,-61.95514,1,0,0,0,0
-22.804678,217.23079,58.188053,-13.281834,24.605387,-54.279675,1,0,0,0,0
-22.850027,217.52655,57.88099,-11.050443,26.941677,-48.879887,1,0,0,0,0
-22.887774,217.70926,57.65468,-9.096624,24.933651,-42.040993,1,0,0,0,0
-22.887701,217.82544,57.452274,-6.664991,21.836658,-37.01871,1,0,0,0,0
-22.850744,217.93149,57.109512,-3.658169,18.8773,-36.94698,1,0,0,0,0
-22.744081,218.02898,56.82437,0.5965559,16.721766,-35.611866,1,0,0,0,0
-22.44523,218.23996,56.785843,9.565011,18.613825,-27.089987,1,0,0,0,0
-22.030582,218.44487,56.77198,19.534822,19.685448,-19.991144,1,0,0,0,0
-21.511244,218.56952,56.764427,30.00471,18.074987,-14.725026,1,0,0,0,0
-20.96828,218.60571,56.726196,38.35977,14.229435,-11.858994,1,0,0,0,0
-20.457737,218.57713,56.780575,42.99105,9.3344555,-6.852254,1,0,0,0,0
-19.937862,218.46805,56.83851,47.430096,3.4945312,-3.2441144,1,0,0,0,0
-19.421757,218.24944,56.854435,50.03477,-4.1328607,-1.8615023,1,0,0,0,0
-18.827028,217.92352,56.755096,54.36718,-12.928628,-4.3765693,1,0,0,0,0
-18.21243,217.46214,56.56446,58.041805,-23.405712,-8.972773,0,0,0,0,0
-17.63085,216.96306,56.300934,59.84081,-32.202473,-14.547569,0,0,0,0,0
-17.065742,216.17506,55.943913,60.597202,-47.365,-21.429197,0,0,0,0,0
-16.686949,215.37563,55.50691,55.45862,-58.69731,-28.852758,0,0,0,0,0
-16.400751,214.558,55.046833,48.804317,-67.33138,-34.86863,0,0,0,0,0
-16.11761,213.87122,54.651646,43.93219,-69.63321,-37.26509,0,0,0,0,0
-15.822051,213.20485,54.30249,40.92,-70.8994,-37.71489,0,0,0,0,0
-15.550156,212.79083,54.054962,37.96379,-64.03663,-34.8966,0,0,0,0,0
-15.206847,212.4379,53.818077,38.00903,-57.213573,-32.537655,0,0,0,0,0
-14.971725,212.19618,53.65584,34.661938,-48.756336,-28.482796,0,0,0,0,0
-14.70282,211.9525,53.504757,33.31948,-42.764626,-25.248602,0,0,0,0,0
-14.396607,211.67136,53.322353,33.302456,-39.3416,-23.726606,0,0,0,0,0
-14.170561,211.46794,53.165714,31.168375,-34.875397,-22.071373,0,0,0,0,0
-13.898221,211.24135,52.94479,30.874496,-32.16449,-22.719063,0,0,0,0,0
-13.739947,211.05373,52.767014,27.2125,-29.043087,-21.894424,0,0,0,0,0
-13.727833,210.82808,52.451775,17.075819,-24.232721,-22.367538,0,0,0,0,0
-13.7229185,210.70512,52.23884,14.715058,-24.70569,-26.082014,0,0,0,0,0
-13.710024,210.46658,51.817745,11.028522,-25.121832,-31.67671,0,0,0,0,0
-13.67897,210.31859,51.53884,8.860159,-22.528389,-31.208054,0,0,0,0,0
-13.597155,210.38763,50.835125,9.006102,-14.402355,-44.464878,0,0,0,0,0
-13.505342,210.4586,50.253063,9.317518,-8.262527,-49.92693,0,0,0,0,0
-13.380356,210.7712,49.353085,10.55093,3.546949,-63.552616,0,0,0,0,0
-13.225793,210.97205,48.756683,12.374724,8.703577,-64.32728,0,0,0,0,0
-13.103725,211.23778,48.370243,12.692218,14.412824,-58.411232,0,0,0,0,0
-13.045902,211.58261,47.703056,10.961604,20.960743,-62.6778,0,0,0,0,0
-12.952439,212.00961,46.788685,10.789957,28.20231,-73.28063,0,0,0,0,0
-12.833281,212.5481,45.881645,11.45518,36.864952,-80.780075,0,0,0,0,0
-12.67311,212.93991,45.39711,13.168831,38.61211,-73.21141,0,0,0,0,0
-12.442624,213.53157,45.172,16.53256,45.912743,-59.748093,0,0,0,0,0
-12.224567,214.14557,45.064373,18.660852,52.080738,-46.670757,0,0,0,0,0
-12.031077,214.81963,44.893364,19.278942,57.876072,-38.714775,0,0,0,0,0
-11.842835,215.48131,44.80548,19.673082,62.000988,-30.668335,0,0,0,0,0
-11.700094,216.16872,44.75483,18.752388,66.373436,-23.970444,0,0,0,0,0
-11.587284,216.8168,44.792065,17.053762,67.953926,-16.262142,0,0,0,0,0
-11.533347,217.49239,44.90799,13.996507,69.815834,-8.244589,0,0,0,0,0
-11.504076,218.16649,45.135452,11.0524025,71.24644,0.9574007,0,0,0,0,0
-11.410474,218.99585,45.419525,10.847637,76.81179,9.348068,0,0,0,0,0
-11.339948,220.08185,45.938126,9.949695,88.28247,22.489262,0,0,0,0,0
-11.169539,221.20596,46.487877,12.474849,98.81998,33.2322,0,0,0,0,0
-10.861504,222.2339,47.291515,18.40989,102.8069,48.526295,0,0,0,0,0
-10.687102,222.81589,47.74651,18.679659,92.35469,49.09383,0,0,0,0,0
-10.561641,223.25572,48.03511,17.366758,80.35961,44.388687,0,0,0,0,0
-10.622932,223.9131,48.71276,10.630464,77.7844,52.524265,0,0,0,0,0
-10.549377,224.4146,49.034184,9.973149,71.85376,47.993813,0,0,0,0,0
-10.593661,224.97247,49.297,5.8585315,68.91493,42.686882,0,0,0,0,0
-10.646722,225.45126,49.215073,2.641373,64.76857,28.55452,0,0,0,0,0
-10.727007,225.8363,49.17469,-0.5380289,58.404556,19.35667,0,0,0,0,0
-10.802687,226.12062,49.15835,-2.6917276,50.80679,13.473503,0,0,0,0,0
-10.942368,226.35133,49.16055,-6.2445607,44.20292,9.916065,0,0,0,0,0
-11.240938,226.65598,49.21336,-13.622019,41.29011,8.7891865,0,0,0,0,0
-11.631874,227.08107,49.33743,-21.75347,42.792946,10.131979,0,0,0,0,0
-12.216109,227.86244,49.472973,-33.621284,54.910496,11.491512,0,0,0,0,0
-12.947684,228.57169,49.531788,-46.668087,61.412663,10.119796,0,0,0,0,0
-13.802883,229.18431,49.539005,-59.793842,63.065403,7.536893,0,0,0,0,0
-15.03626,229.55528,48.685192,-80.9742,57.04144,-20.578356,0,0,0,0,0
-16.676764,230.88222,45.613895,-108.56732,81.698494,-108.46987,0,0,0,0,0
-17.643696,231.56007,43.90689,-108.37274,80.03266,-130.89436,0,0,0,0,0
-18.983028,231.59195,42.29357,-119.24358,58.890232,-143.89182,0,0,0,0,0
-20.041428,229.80838,39.69574,-117.92809,-11.839094,-182.43433,0,0,0,0,0
-20.724977,229.57375,38.418465,-106.9032,-15.809599,-172.10222,0,0,0,0,0
-21.026968,229.4701,37.85417,-86.48583,-14.58724,-141.61226,0,0,0,0,0
-21.225924,229.42264,37.594463,-68.932495,-12.050676,-110.85292,0,0,0,0,0
-21.466164,229.37839,37.388504,-56.901257,-10.016047,-86.02298,0,0,0,0,0
-21.67387,229.32986,37.23125,-47.735905,-8.768224,-67.37814,0,0,0,0,0
-21.911715,229.28697,37.103527,-41.890297,-7.670034,-52.781208,0,0,0,0,0
-22.091806,229.2545,37.00682,-35.895348,-6.5570583,-41.254505,0,0,0,0,0
-22.616573,229.54109,37.17124,-41.732983,3.9930012,-24.651224,0,0,0,0,0
-24.695341,231.309,36.734047,-63.697716,42.092308,-19.484272,0,0,0,0,0
-25.161634,231.5157,36.563217,-60.064804,36.60723,-19.230385,0,0,0,0,0
-25.570528,231.6681,36.449905,-56.17608,31.28022,-17.447813,0,0,0,0,0
-25.893705,231.70944,36.40531,-50.56401,23.928408,-14.003722,0,0,0,0,0
-26.135424,231.72789,36.402813,-43.96878,17.883068,-10.212983,0,0,0,0,0
-26.389948,231.82355,36.368626,-39.394325,15.783734,-8.39242,0,0,0,0,0
-26.58299,231.83594,36.358818,-34.64414,11.893272,-6.422443,0,0,0,0,0
-26.726496,231.77563,36.372974,-29.48934,6.7820992,-4.2237525,0,0,0,0,0
-26.862375,231.61241,36.521034,-25.350113,-0.08040006,1.460615,0,0,0,0,0
-26.961128,231.4971,36.681118,-21.523516,-3.5868409,5.964234,0,0,0,0,0
-27.013474,231.40634,36.756428,-17.008059,-5.322533,6.557119,0,0,0,0,0
-27.037466,231.27434,36.766823,-13.066308,-7.8867245,5.0724416,0,0,0,0,0
-27.069733,231.11519,36.74672,-10.535952,-10.635668,3.0912154,0,0,0,0,0
-27.115236,230.86864,36.71605,-9.019992,-15.222086,1.3042076,0,0,0,0,0
-27.134151,230.6655,36.662964,-7.104315,-17.206923,-0.67393625,0,0,0,0,0
-27.192116,230.4211,36.442226,-6.921795,-19.938406,-7.223217,0,0,0,0,0
-27.267101,230.12505,36.1462,-7.2237353,-23.234165,-14.138464,0,0,0,0,0
-27.338224,229.94165,35.874905,-7.4739194,-22.648405,-18.677492,0,0,0,0,0
-27.693962,229.52826,35.027676,-16.266323,-29.023102,-39.376026,0,0,0,0,0
-27.940437,229.24185,34.440674,-19.241444,-29.663906,-46.28458,0,0,0,0,0
-28.085724,229.07301,34.094654,-18.433119,-26.732891,-44.2343,0,0,0,0,0
-28.22837,228.9609,33.802025,-17.500175,-22.508741,-40.490143,0,0,0,0,0
-28.455149,228.90002,33.454533,-19.823471,-18.41171,-40.42575,0,0,0,0,0
-28.633745,228.85208,33.180866,-19.757292,-14.759452,-37.53391,0,0,0,0,0
-28.787218,228.85135,32.854164,-18.988056,-10.71196,-37.14394,0,0,0,0,0
-28.955414,228.9499,32.28624,-18.908648,-4.7646036,-44.277943,0,0,0,0,0
-29.75851,229.59268,31.273336,-38.18597,16.146645,-62.962875,0,0,0,0,0
-30.306643,230.10893,30.52161,-44.3845,27.442345,-68.54643,0,0,0,0,0
-30.625643,230.415,30.111752,-41.656315,29.064121,-61.81591,0,0,0,0,0
-30.793926,230.5895,29.854586,-35.358246,26.411684,-52.696922,0,0,0,0,0
-30.961426,230.79077,29.593634,-30.390713,25.010025,-45.63658,0,0,0,0,0
-31.12018,230.98354,29.221064,-27.15298,24.250177,-44.889008,0,0,0,0,0
-31.275352,231.166,28.963995,-24.182383,22.928694,-39.99449,0,0,0,0,0
-31.37531,231.3007,28.790684,-20.811255,20.957153,-34.66424,0,0,0,0,0
-31.45924,231.42435,28.59998,-17.406363,18.713327,-30.534643,0,0,0,0,0
-31.543043,231.52367,28.442854,-15.364425,16.80144,-27.2632,0,0,0,0,0
-31.619854,231.60385,28.291485,-13.490794,14.636493,-24.39848,0,0,0,0,0
-31.681667,231.63788,28.11939,-11.455452,11.429827,-22.539595,0,0,0,0,0
-31.722914,231.67749,27.579205,-9.723142,9.654188,-33.25047,0,0,0,0,0
-31.78277,231.72142,27.043274,-8.845087,8.310291,-40.332954,0,0,0,0,0
-31.82638,231.74661,26.598831,-7.7433615,6.7938075,-42.79995,0,0,0,0,0
-31.913166,231.69853,26.379276,-8.209539,3.4275384,-37.470333,0,0,0,0,0
-31.92214,231.6818,26.309464,-6.260017,1.9867517,-29.45471,0,0,0,0,0
-31.940424,231.68376,26.221323,-5.0180607,1.476538,-23.674862,0,0,0,0,0
-31.987682,231.73856,26.161154,-5.154258,2.7740119,-19.311573,0,0,0,0,0
-32.01348,231.81033,26.102245,-4.467499,4.158855,-15.594622,0,0,0,0,0
-32.04865,231.94519,26.003872,-4.303658,7.1176844,-14.279465,0,0,0,0,0
-32.070965,232.11894,25.86782,-3.8360815,10.538428,-14.628601,0,0,0,0,0
-32.098793,232.53006,25.605385,-3.031877,17.600573,-15.892135,0,0,0,0,0
-32.10521,232.64503,25.50236,-2.910411,19.510408,-17.590145,0,0,0,0,0
-32.12331,233.37744,24.848965,-2.5915942,35.746838,-32.020382,0,0,0,0,0
-32.061604,233.73466,24.521143,-0.030752916,37.87543,-34.169804,0,0,0,0,0
-31.80599,233.98885,24.646097,7.7567,35.06536,-20.853342,0,0,0,0,0
-31.492939,234.14693,24.919395,15.196291,30.310085,-6.809658,0,0,0,0,0
-31.247124,234.29048,25.196457,18.450115,26.246685,3.5177448,0,0,0,0,0
-31.038393,234.1635,25.595076,19.820204,15.237005,14.747808,0,0,0,0,0
-29.68629,232.19441,27.568888,55.305374,-48.855247,70.54281,0,0,0,0,0
-28.315,230.79874,28.866804,82.24121,-78.28588,91.10369,0,0,0,0,0
-27.698992,229.8068,29.461401,77.63624,-86.2055,83.33907,0,0,0,0,0
-27.33736,229.35278,29.70706,68.08471,-77.209305,68.71285,0,0,0,0,0
-27.124716,229.08583,29.851513,55.783985,-64.047195,54.160107,0,0,0,0,0
-26.995855,229.05167,29.872463,43.685505,-46.71257,39.26136,0,0,0,0,0
-26.950867,229.03056,29.886253,33.488888,-34.980724,29.279526,0,0,0,0,0
-26.912054,229.01234,29.898151,25.416504,-25.868313,21.550259,0,0,0,0,0
-26.752615,229.10284,29.8982,23.291569,-15.995649,15.626575,0,0,0,0,0
-26.570568,229.33224,29.956497,22.421684,-4.592657,13.096657,0,0,0,0,0
-26.486576,229.44084,30.02875,18.79459,-0.014977773,11.684972,0,0,0,0,0
-26.493727,229.47453,30.055424,13.395486,1.0164272,9.277032,0,0,0,0,0
-26.48778,229.49283,30.084433,9.880275,1.2936857,7.6012444,0,0,0,0,0
-26.526924,229.54277,30.228922,5.8425355,2.4290903,9.771905,0,0,0,0,0
-26.558214,229.58269,30.344421,3.3590944,3.026456,10.786789,0,0,0,0,0
-26.564995,229.58769,30.352001,2.2252219,2.3438528,8.040373,0,0,0,0,0
-26.592587,229.57838,30.315542,0.7660302,1.4079653,4.6923637,0,0,0,0,0
-24.389189,220.3359,41.269276,67.88458,-281.38892,338.1177,0,0,0,0,0
-24.31499,212.1159,44.47022,51.42062,-454.34607,342.42566,0,0,0,1,0
-23.9876,209.25743,47.77732,47.24932,-416.44293,349.0133,1,1,1,1,1
-24.464415,206.09227,47.427902,19.663937,-397.8436,241.93668,1,1,1,1,1
-24.736523,204.48157,47.037388,5.9675927,-337.889,163.66968,1,1,1,1,1
-24.951527,203.74129,46.715466,-2.2439854,-264.88293,107.653046,1,1,1,1,1
-25.104729,203.25696,46.457996,-6.3218274,-207.9598,70.623924,1,1,1,1,1
-25.205153,203.08136,46.20142,-7.607295,-155.13567,43.069485,1,1,1,1,1
-25.280132,203.0218,45.991047,-7.793085,-114.13256,24.769842,1,1,1,1,1
-25.459574,203.66776,46.47194,-11.17595,-63.514874,32.785217,1,1,1,1,1
-25.880865,204.62599,45.43687,-20.91443,-16.735586,-7.824594,1,1,1,1,1
-26.335772,205.96503,45.05318,-28.917482,28.66826,-17.313555,1,1,1,1,1
-26.1658,211.47375,48.114758,-8.931685,148.83865,67.63267,1,1,1,1,1
-26.05617,213.01418,49.66715,-2.3686388,134.29341,85.027016,1,1,1,1,1
-25.762552,213.30957,51.08755,7.237282,106.33358,104.93626,1,1,1,1,1
-25.258411,213.75839,53.171608,20.61621,90.731,139.58038,1,1,1,1,1
-24.959017,213.92212,54.64702,23.870068,70.036606,144.87192,1,1,1,1,1
-24.712166,213.88902,55.522465,25.027195,50.230717,132.81802,0,1,1,1,1
-24.55434,213.86404,56.133728,22.890284,35.5347,114.58574,0,1,1,1,1
-24.452822,213.82127,56.652145,19.733229,24.515774,99.09429,0,1,1,1,1
-24.396923,213.88422,57.1046,15.976113,19.650211,85.45973,0,1,1,1,1
-24.368034,213.97404,57.45342,12.327266,16.809135,71.83516,0,1,1,1,1
-24.361769,214.08925,57.73975,9.222274,15.844614,61.398552,0,1,1,1,1
-24.352718,214.23314,57.95987,6.9576015,15.866853,51.19574,0,1,1,1,1
-24.3343,214.37367,58.10087,5.605935,15.789578,41.416256,0,1,1,1,1
-24.319984,214.5391,58.170715,4.489485,16.455767,32.07443,0,1,1,1,1
-24.28446,214.68977,58.20496,4.3236756,16.471376,24.205563,0,1,1,1,1
-24.281866,214.93115,58.157665,3.1422288,18.95578,15.726075,0,1,1,1,1
-24.284113,215.23888,58.045506,2.2649434,23.576685,8.22188,0,1,1,1,1
-24.368431,215.95883,57.711205,-0.93560326,38.663578,-4.25151,0,1,1,1,1
-24.372423,216.5729,57.40823,-0.81040764,47.276123,-12.42732,0,1,1,1,1
-24.291065,217.24153,57.111156,1.8857256,54.05733,-17.885618,0,1,1,1,1
-24.22467,217.59738,56.978558,3.4229164,50.62963,-17.20748,0,1,1,1,1
-24.144686,217.80194,56.934486,4.9183493,42.91498,-13.809444,0,1,1,1,1
-24.06311,217.97212,56.949745,6.0326824,36.15342,-9.502599,0,1,1,1,1
-23.984928,218.10373,57.027267,6.7766423,30.31908,-4.544136,0,1,1,1,1
-23.895159,218.26924,57.183296,7.6283464,26.940386,1.4683249,0,1,1,1,1
-23.832691,218.4648,57.358604,7.431798,25.482082,6.4093328,0,1,1,1,1
-23.651884,218.75648,57.707737,10.890554,27.33642,15.28073,0,1,1,1,1
-23.588451,218.9883,57.982468,9.847767,26.934896,19.487688,0,1,1,1,1
-23.47573,219.16002,58.273014,10.573672,24.75573,22.98212,0,1,1,1,1
-23.471428,219.18489,58.27184,7.7952604,18.701878,16.622116,0,1,1,1,1
-23.418913,219.22893,58.38774,7.173414,14.724939,15.414873,0,1,1,1,1
-23.306992,219.23271,58.68341,8.688183,10.907301,20.361282,0,1,1,1,1
-23.278263,219.22229,58.742615,7.1568403,7.5686607,16.524973,0,1,1,1,1
-23.273132,219.2313,58.736862,5.3345547,5.750349,11.780964,0,1,1,1,1
-23.255136,219.24915,58.731377,4.4218755,4.719639,8.38518,0,1,1,1,1
-23.255468,219.34131,58.65345,3.1889277,6.22252,3.691851,0,1,1,1,1
-23.228573,219.41637,58.609264,3.135592,6.8074527,1.331396,0,1,1,1,1
-23.195883,219.4895,58.581642,3.2379792,7.095576,0.116025224,0,1,1,1,1
-23.171774,219.61139,58.542217,1.7999964,5.531007,-0.8612176,0,1,1,1,1
-23.158316,219.65215,58.534214,1.7000389,5.205918,-0.86078244,0,1,1,1,1
-23.129946,219.72249,58.529358,2.1079333,5.949026,-0.77656054,1,1,1,1,1
-23.069355,219.88036,58.623302,3.3749192,9.124167,2.3019297,1,1,1,1,1
-23.00939,220.07416,58.78601,4.2360015,12.413291,6.5833464,1,1,1,0,1
-22.904825,220.21307,58.94675,6.3180833,13.375188,9.764961,1,1,1,0,1
-22.813484,220.33315,59.079704,7.3405643,13.30898,11.095159,1,1,1,0,1
-22.726316,220.42757,59.11475,7.9898057,12.544209,9.124767,1,1,1,0,1
-22.63179,220.51273,59.103508,8.660219,11.66968,6.258597,1,1,1,0,1
-22.497486,220.62552,58.96939,10.345243,11.863923,0.43740472,1,1,1,0,1
-22.35166,220.73853,58.799152,11.955365,12.05626,-4.876923,1,1,1,0,1
-22.207207,220.83855,58.580746,13.0813,11.798574,-10.202145,1,1,0,0,1
-22.098639,220.91582,58.442432,12.694573,10.822481,-11.529563,1,1,0,0,1
-22.023846,220.99553,58.308952,11.534506,10.321427,-12.479906,1,1,0,0,1
-21.953342,221.07594,58.197212,10.521655,9.943599,-12.466007,1,1,0,0,1
-21.885948,221.13516,58.062916,9.634852,8.969392,-13.071527,1,1,0,0,1
-21.833263,221.20074,57.944836,8.632708,8.541975,-13.136931,1,1,0,0,1
-21.746605,221.26782,57.85969,8.832849,8.172999,-12.022353,1,1,0,0,1
-21.655857,221.32617,57.838036,9.235776,7.7616353,-9.451851,1,1,0,0,1
-21.550354,221.43356,57.85403,9.883198,8.875906,-6.3400173,1,1,0,0,1
-21.398598,221.61464,57.844368,11.810096,11.973512,-4.8993692,1,1,0,0,1
-21.24212,221.74542,57.85507,13.254284,12.591126,-3.2002447,1,1,0,0,1
-21.082563,221.84908,57.850304,14.542083,12.348969,-2.4788208,1,1,0,0,1
-20.92029,221.92326,57.824436,15.352177,11.106658,-2.5624459,1,1,0,0,1
-20.556152,221.96153,57.935677,22.382998,9.296252,1.5327979,1,1,0,0,1
-20.005873,222.03705,58.463375,32.24175,8.7937975,16.927654,1,1,0,0,1
-19.528374,222.13841,59.0313,38.943497,9.727323,30.273102,1,1,0,0,0
-19.103683,222.20921,59.52757,41.090893,9.18915,37.002872,1,1,0,0,0
-18.536205,222.21533,60.22576,46.965744,6.825151,47.99262,1,1,0,0,0
-18.0279,222.59706,60.946903,49.020042,16.456015,56.20693,1,1,0,0,0
-17.681574,223.14323,61.454514,46.75575,28.908567,57.006866,1,1,0,0,0
-17.388554,223.86794,62.187702,42.588757,42.85946,63.35709,1,0,0,0,0
-17.183527,224.29008,62.688595,37.26474,44.0966,61.422718,1,0,0,0,0
-17.0137,224.62291,63.272663,32.21269,42.141502,62.374672,1,0,0,0,0
-16.892313,224.86536,63.69587,26.764706,37.551327,57.532856,1,0,0,0,0
-16.817705,225.01437,63.955982,21.904867,32.09216,50.14408,1,0,0,0,0
-16.721283,225.18959,64.172356,18.778374,28.545864,42.854366,1,0,0,0,0
-16.611584,225.35611,64.325966,16.90081,25.684374,35.624645,1,0,0,0,0
-16.504126,225.54077,64.41927,15.445791,24.12304,28.506607,1,0,0,0,0
-16.373945,225.78334,64.4171,15.222176,24.973227,20.685305,1,0,0,0,0
-16.260872,226.03929,64.36973,14.521605,25.97565,13.59344,1,0,0,0,0
-16.157692,226.28525,64.28888,13.65688,26.299938,7.3759127,1,0,0,0,0
-16.05891,226.49481,64.17957,12.915418,25.461681,2.0142047,1,0,0,0,0
-15.944065,226.7233,63.98532,12.750471,25.199684,-4.4504204,1,0,0,0,0
-15.8371315,226.99564,63.788666,12.572478,26.713902,-9.262283,1,0,0,0,0
-15.703761,227.39804,63.57139,13.122143,31.50254,-13.287992,1,0,0,0,0
-15.609331,227.70845,63.42079,12.47593,32.513397,-14.316385,1,0,0,0,0
-15.543211,227.93237,63.289173,11.015581,30.278206,-14.337065,1,0,0,0,0
-15.495901,228.11243,63.18723,9.444791,27.487614,-13.524994,1,0,0,0,0
-15.485264,228.28477,63.09718,7.1664596,25.167595,-12.543512,1,0,0,0,0
-15.457408,228.49182,62.99981,6.0290184,24.499474,-12.033373,1,0,0,0,0
-15.440461,228.69363,62.910614,4.8861184,23.909725,-11.440833,1,0,0,0,0
-15.408792,228.97853,62.798416,4.5098476,26.031986,-11.7202635,1,0,0,0,0
-15.361201,229.6391,62.535324,4.72275,39.032158,-16.52666,1,0,0,0,0
-15.302118,230.15009,62.25017,5.2090597,43.741894,-20.615099,1,0,0,0,0
-15.267814,230.42317,62.09425,4.805565,39.8977,-19.631989,1,0,0,0,0
-15.240239,230.8072,61.95095,4.306048,40.470005,-18.52403,1,0,0,0,0
-15.223031,231.11177,61.850464,3.6772842,38.936165,-16.629688,1,0,0,0,0
-15.239552,231.41139,61.835857,2.1163924,36.753353,-12.270717,1,0,0,0,0
-15.262273,232.06651,62.003105,0.86204404,47.245667,-3.9062653,1,0,0,0,0
-15.327952,232.7759,62.394436,-1.3775185,55.782394,9.097104,1,0,0,0,0
-15.420149,233.40703,63.053326,-3.811519,59.70832,26.69736,1,0,0,0,0
-15.4760065,233.57208,63.37037,-4.4711547,48.37536,29.053116,1,0,0,0,0
-15.549026,233.689,63.61163,-5.4546847,38.517887,28.341852,1,0,0,0,0
-15.641552,233.89186,64.04637,-6.790221,34.19151,33.87595,1,0,0,0,0
-15.781528,234.12991,64.563126,-9.158236,31.911009,40.164333,1,0,0,0,0
-15.937368,234.52274,65.24299,-11.3787565,35.07103,49.793354,1,0,0,0,0
-16.043503,234.841,65.87283,-11.492097,35.149944,55.335346,1,0,0,0,0
-16.107492,234.85059,66.35238,-10.304009,25.832985,54.84904,1,0,0,0,0
-16.190931,234.99826,66.96946,-9.996578,23.187738,58.4815,1,0,0,0,0
-16.223343,234.95563,67.391396,-8.247167,15.534086,55.337975,1,0,0,0,0
-16.298864,235.05675,67.91081,-8.23591,14.262529,55.64813,1,0,0,0,0
-16.375893,235.1403,68.37011,-8.331156,12.905952,54.42446,1,0,0,0,0
-16.429132,235.1237,68.65139,-7.6771097,8.868146,48.121223,1,0,0,0,0
-16.48575,235.08414,68.908875,-7.2320833,5.1670794,42.37415,1,0,0,0,0
-16.566095,235.10489,69.18243,-7.748199,4.4134135,39.35922,1,0,0,0,0
-16.59952,235.06642,69.40686,-6.5634017,1.9946363,34.998047,1,0,0,0,0
-16.638702,235.05345,69.642105,-6.0007396,1.0615716,32.80336,1,0,0,0,0
-16.637495,234.98412,69.81482,-4.2753816,-1.3431612,28.818174,1,0,0,0,0
-16.644558,234.95772,70.104774,-3.3106399,-1.7767804,29.70242,1,0,0,0,0
-16.668808,234.84059,70.36758,-3.1561263,-4.8784285,29.699337,1,0,0,0,0
-16.70326,234.78401,70.53823,-3.3416474,-5.266553,26.759686,1,0,0,0,0
-16.725803,234.77046,70.63774,-3.111224,-4.2331886,22.443323,1,0,0,0,0
-16.730127,234.75523,70.69786,-2.385566,-3.5308025,18.09053,1,0,0,0,0
-16.73444,234.71992,70.85165,-1.8533111,-3.6231313,17.739763,1,0,0,0,0
-16.757744,234.71239,70.91673,-2.0490878,-2.8479986,14.80244,1,0,0,0,0
-16.721252,234.6631,70.92836,-0.37440327,-3.5735433,11.107475,1,0,0,0,0
-16.702915,234.63658,70.93191,0.28783986,-3.4067438,8.180806,1,0,0,0,0
-16.691126,234.59334,70.924385,0.5679597,-3.7861717,5.6966705,1,0,0,0,0
-16.677492,234.54991,70.85813,0.8270794,-4.0664816,2.1065757,1,0,0,0,0